JLSJC,SJLX,CLBS,FSRQ,CJXH,CJBH,YWFL,WTXH,SBXH,ZQDM,JYSC,GDDM,SBXW,WTFX,PCLX,CJSJ,CJSL,CJJG,CJJE,TOTALFEE,WTSL,PRICE,FUND,ASSET,COMBI,ZLXH,XGCX,ORIG,SFBZ,TZGW,AUTO,COMP,ALGO,WTZT,TSBZ,TZLX,PCFX,OPERATOR,SFCD,FQFS,DRSL,DRJE,WTPH,JYSL,BDKC,WBXT,XTLY,SBFX,ZCJSL,ZCJJE,HGXH,JGLX,ZRZH,MBLX,SCCJSJ,ETFSSFS,HBDM,CPBH,DYBH,ZHBH
2018-05-04 09:25:44,dbquery,0,20180504,6661187,30092|0101000000186004,1,889303,2,000671,2,0899142398,265700,1,,92500,800.0,7.3,5840.0,0.64,50000.0,7.31,187,367,367,0,0,5,STP#12#1#0#0#0#,400050,0,0,,7,,1,,400002,0,Y,50000.0,365000.0,889302,0,0,1001,,0B,0.0,0.0,0,0,0,,92500,,,0040A008,1,1
2018-05-04 09:25:44,dbquery,0,20180504,6661188,30092|0101000000186006,1,889303,2,000671,2,0899142398,265700,1,,92500,1800.0,7.3,13140.0,1.45,50000.0,7.31,187,367,367,0,0,5,STP#12#1#0#0#0#,400050,0,0,,7,,1,,400002,0,Y,50000.0,365000.0,889302,0,0,1001,,0B,0.0,0.0,0,0,0,,92500,,,0040A008,1,1
2018-05-04 09:25:44,dbquery,0,20180504,6661189,30092|0101000000186008,1,889303,2,000671,2,0899142398,265700,1,,92500,1300.0,7.3,9490.0,1.04,50000.0,7.31,187,367,367,0,0,5,STP#12#1#0#0#0#,400050,0,0,,7,,1,,400002,0,Y,50000.0,365000.0,889302,0,0,1001,,0B,0.0,0.0,0,0,0,,92500,,,0040A008,1,1
2018-05-04 09:25:44,dbquery,0,20180504,6661190,30092|0101000000186010,1,889303,2,000671,2,0899142398,265700,1,,92500,6200.0,7.3,45260.0,4.98,50000.0,7.31,187,367,367,0,0,5,STP#12#1#0#0#0#,400050,0,0,,7,,1,,400002,0,Y,50000.0,365000.0,889302,0,0,1001,,0B,0.0,0.0,0,0,0,,92500,,,0040A008,1,1
2018-05-04 09:25:44,dbquery,0,20180504,6661191,30092|0101000000186012,1,889303,2,000671,2,0899142398,265700,1,,92500,20000.0,7.3,146000.0,16.06,50000.0,7.31,187,367,367,0,0,5,STP#12#1#0#0#0#,400050,0,0,,7,,1,,400002,0,Y,50000.0,365000.0,889302,0,0,1001,,0B,0.0,0.0,0,0,0,,92500,,,0040A008,1,1
2018-05-04 09:25:44,dbquery,0,20180504,6661192,30092|0101000000186014,1,889303,2,000671,2,0899142398,265700,1,,92500,11796.0,7.3,86110.8,9.47,50000.0,7.31,187,367,367,0,0,5,STP#12#1#0#0#0#,400050,0,0,,7,,1,,400002,0,Y,50000.0,365000.0,889302,0,0,1001,,0B,0.0,0.0,0,0,0,,92500,,,0040A008,1,1
2018-05-04 09:25:44,dbquery,0,20180504,6661193,30092|0101000000186016,1,889303,2,000671,2,0899142398,265700,1,,92500,3000.0,7.3,21900.0,2.41,50000.0,7.31,187,367,367,0,0,5,STP#12#1#0#0#0#,400050,0,0,,7,,1,,400002,0,Y,50000.0,365000.0,889302,0,0,1001,,0B,0.0,0.0,0,0,0,,92500,,,0040A008,1,1
2018-05-04 09:25:44,dbquery,0,20180504,6661194,30092|0101000000186018,1,889303,2,000671,2,0899142398,265700,1,,92500,1000.0,7.3,7300.0,0.8,50000.0,7.31,187,367,367,0,0,5,STP#12#1#0#0#0#,400050,0,0,,7,,1,,400002,0,Y,50000.0,365000.0,889302,0,0,1001,,0B,0.0,0.0,0,0,0,,92500,,,0040A008,1,1
2018-05-04 09:25:44,dbquery,0,20180504,6661195,30092|0101000000186020,1,889303,2,000671,2,0899142398,265700,1,,92500,1000.0,7.3,7300.0,0.8,50000.0,7.31,187,367,367,0,0,5,STP#12#1#0#0#0#,400050,0,0,,7,,1,,400002,0,Y,50000.0,365000.0,889302,0,0,1001,,0B,0.0,0.0,0,0,0,,92500,,,0040A008,1,1
2018-05-04 09:25:44,dbquery,0,20180504,6661196,30092|0101000000186022,1,889303,2,000671,2,0899142398,265700,1,,92500,3104.0,7.3,22659.2,2.49,50000.0,7.31,187,367,367,0,0,5,STP#12#1#0#0#0#,400050,0,0,,7,,1,,400002,0,Y,50000.0,365000.0,889302,0,0,1001,,0B,0.0,0.0,0,0,0,,92500,,,0040A008,1,1
2018-05-04 09:30:14,fund.jy.realdeal,0,20180504,6661298,30105|0101000000394010,1,889377,26,000671,2,0899142398,265700,2,,93014,6196.0,7.32,45354.72,4.99,50000.0,7.32,187,367,367,0,0,5,STP#12#1#0#0#0#,400050,0,0,,6,,1,,400002,,Y,6196.0,45354.72,889376,0,0,1001,3,0S,0.0,0.0,0,0,0,0,93014,,,0040A008,1,1
2018-05-04 09:30:31,fund.jy.realdeal,0,20180504,6661371,30108|0101000000431233,1,889438,47,000671,2,0899142398,265700,2,,93032,24627.0,7.3,179777.1,19.78,43800.0,7.3,187,367,367,0,0,5,STP#12#1#0#0#0#,400050,0,0,,6,,1,,400002,,Y,24627.0,179777.1,889437,0,0,1001,3,0S,0.0,0.0,0,0,0,0,93032,,,0040A008,1,1
2018-05-04 09:31:11,fund.jy.realdeal,0,20180504,6661455,30115|199199,1,889443,80,601003,1,B881487301,32201,1,,93111,1500.0,7.82,11730.0,1.52,60000.0,7.82,187,367,367,0,0,5,STP#12#1#0#0#0#,400050,0,0,,6,,1,,400002,,Y,1500.0,11730.0,889442,0,0,1001,3,B,0.0,0.0,0,0,0,0,93111,,,0040A008,1,1
2018-05-04 09:31:11,fund.jy.realdeal,0,20180504,6661456,30115|199200,1,889443,80,601003,1,B881487301,32201,1,,93111,3900.0,7.82,30498.0,3.96,60000.0,7.82,187,367,367,0,0,5,STP#12#1#0#0#0#,400050,0,0,,6,,1,,400002,,Y,5400.0,42228.0,889442,0,0,1001,3,B,0.0,0.0,0,0,0,0,93111,,,0040A008,1,1
2018-05-04 09:31:11,fund.jy.realdeal,0,20180504,6661457,30115|199201,1,889443,80,601003,1,B881487301,32201,1,,93111,2200.0,7.82,17204.0,2.23,60000.0,7.82,187,367,367,0,0,5,STP#12#1#0#0#0#,400050,0,0,,6,,1,,400002,,Y,7600.0,59432.0,889442,0,0,1001,3,B,0.0,0.0,0,0,0,0,93111,,,0040A008,1,1
2018-05-04 09:31:11,fund.jy.realdeal,0,20180504,6661458,30115|199202,1,889443,80,601003,1,B881487301,32201,1,,93111,100.0,7.82,782.0,0.11,60000.0,7.82,187,367,367,0,0,5,STP#12#1#0#0#0#,400050,0,0,,6,,1,,400002,,Y,7700.0,60214.0,889442,0,0,1001,3,B,0.0,0.0,0,0,0,0,93111,,,0040A008,1,1
2018-05-04 09:31:20,fund.jy.realdeal,0,20180504,6661514,30115|213696,1,889443,80,601003,1,B881487301,32201,1,,93120,19500.0,7.82,152490.0,19.82,60000.0,7.82,187,367,367,0,0,5,STP#12#1#0#0#0#,400050,0,0,,6,,1,,400002,,Y,27200.0,212704.0,889442,0,0,1001,3,B,0.0,0.0,0,0,0,0,93111,,,0040A008,1,1
2018-05-04 09:31:20,fund.jy.realdeal,0,20180504,6661515,30115|214094,1,889443,80,601003,1,B881487301,32201,1,,93120,1000.0,7.82,7820.0,1.02,60000.0,7.82,187,367,367,0,0,5,STP#12#1#0#0#0#,400050,0,0,,6,,1,,400002,,Y,28200.0,220524.0,889442,0,0,1001,3,B,0.0,0.0,0,0,0,0,93111,,,0040A008,1,1
2018-05-04 09:31:22,fund.jy.realdeal,0,20180504,6661517,30115|215089,1,889443,80,601003,1,B881487301,32201,1,,93121,7900.0,7.82,61778.0,8.04,60000.0,7.82,187,367,367,0,0,5,STP#12#1#0#0#0#,400050,0,0,,6,,1,,400002,,Y,36100.0,282302.0,889442,0,0,1001,3,B,0.0,0.0,0,0,0,0,93111,,,0040A008,1,1
2018-05-04 09:31:23,fund.jy.realdeal,0,20180504,6661519,30115|216883,1,889443,80,601003,1,B881487301,32201,1,,93122,100.0,7.82,782.0,0.11,60000.0,7.82,187,367,367,0,0,5,STP#12#1#0#0#0#,400050,0,0,,6,,1,,400002,,Y,36200.0,283084.0,889442,0,0,1001,3,B,0.0,0.0,0,0,0,0,93111,,,0040A008,1,1
2018-05-04 09:31:23,fund.jy.realdeal,0,20180504,6661520,30115|216947,1,889443,80,601003,1,B881487301,32201,1,,93122,1000.0,7.82,7820.0,1.02,60000.0,7.82,187,367,367,0,0,5,STP#12#1#0#0#0#,400050,0,0,,6,,1,,400002,,Y,37200.0,290904.0,889442,0,0,1001,3,B,0.0,0.0,0,0,0,0,93111,,,0040A008,1,1
2018-05-04 09:32:23,fund.jy.realdeal,0,20180504,6661583,30130|0104000000723966,1,889462,53,000002,2,0899142398,265700,2,,93224,4000.0,27.18,108720.0,11.96,5000.0,27.18,187,367,367,0,0,5,STP#17#1#0#0#0#,400055,0,0,,6,,1,,400002,,Y,4000.0,108720.0,889461,0,0,1001,3,0S,0.0,0.0,0,0,0,0,93224,,,0040A008,1,1
2018-05-04 09:32:23,fund.jy.realdeal,0,20180504,6661584,30130|0104000000724020,1,889462,53,000002,2,0899142398,265700,2,,93224,200.0,27.18,5436.0,0.6,5000.0,27.18,187,367,367,0,0,5,STP#17#1#0#0#0#,400055,0,0,,6,,1,,400002,,Y,4200.0,114156.0,889461,0,0,1001,3,0S,0.0,0.0,0,0,0,0,93224,,,0040A008,1,1
2018-05-04 09:32:24,fund.jy.realdeal,0,20180504,6661585,30130|0104000000725865,1,889462,53,000002,2,0899142398,265700,2,,93224,300.0,27.18,8154.0,0.9,5000.0,27.18,187,367,367,0,0,5,STP#17#1#0#0#0#,400055,0,0,,6,,1,,400002,,Y,4500.0,122310.0,889461,0,0,1001,3,0S,0.0,0.0,0,0,0,0,93224,,,0040A008,1,1
2018-05-04 09:32:25,fund.jy.realdeal,0,20180504,6661587,30130|0104000000728764,1,889462,53,000002,2,0899142398,265700,2,,93226,500.0,27.18,13590.0,1.49,5000.0,27.18,187,367,367,0,0,5,STP#17#1#0#0#0#,400055,0,0,,7,,1,,400002,,Y,5000.0,135900.0,889461,0,0,1001,3,0S,0.0,0.0,0,0,0,0,93224,,,0040A008,1,1
2018-05-04 09:32:27,fund.jy.realdeal,0,20180504,6661588,30128|309327,1,889459,83,601003,1,B881487301,32201,2,,93227,200.0,7.84,1568.0,0.2,37100.0,7.84,187,367,367,0,0,5,STP#12#1#0#0#0#,400050,0,0,,6,,1,,400002,,Y,200.0,1568.0,889458,0,0,1001,3,S,0.0,0.0,0,0,0,0,93227,,,0040A008,1,1
2018-05-04 09:32:37,fund.jy.realdeal,0,20180504,6661589,30137|0101000000731777,1,889465,54,000671,2,0899142398,265700,2,,93237,6000.0,7.31,43860.0,4.82,19100.0,7.31,187,367,367,0,0,5,STP#12#1#0#0#0#,400050,0,0,,6,,1,,400002,,Y,6000.0,43860.0,889464,0,0,1001,3,0S,0.0,0.0,0,0,0,0,93237,,,0040A008,1,1
2018-05-04 09:32:37,fund.jy.realdeal,0,20180504,6661590,30137|0101000000731779,1,889465,54,000671,2,0899142398,265700,2,,93237,1000.0,7.31,7310.0,0.8,19100.0,7.31,187,367,367,0,0,5,STP#12#1#0#0#0#,400050,0,0,,6,,1,,400002,,Y,7000.0,51170.0,889464,0,0,1001,3,0S,0.0,0.0,0,0,0,0,93237,,,0040A008,1,1
2018-05-04 09:32:37,fund.jy.realdeal,0,20180504,6661591,30137|0101000000731781,1,889465,54,000671,2,0899142398,265700,2,,93237,200.0,7.31,1462.0,0.16,19100.0,7.31,187,367,367,0,0,5,STP#12#1#0#0#0#,400050,0,0,,6,,1,,400002,,Y,7200.0,52632.0,889464,0,0,1001,3,0S,0.0,0.0,0,0,0,0,93237,,,0040A008,1,1
2018-05-04 09:32:37,fund.jy.realdeal,0,20180504,6661592,30137|0101000000731783,1,889465,54,000671,2,0899142398,265700,2,,93237,1300.0,7.31,9503.0,1.05,19100.0,7.31,187,367,367,0,0,5,STP#12#1#0#0#0#,400050,0,0,,6,,1,,400002,,Y,8500.0,62135.0,889464,0,0,1001,3,0S,0.0,0.0,0,0,0,0,93237,,,0040A008,1,1
2018-05-04 09:32:37,fund.jy.realdeal,0,20180504,6661593,30137|0101000000731785,1,889465,54,000671,2,0899142398,265700,2,,93237,1000.0,7.31,7310.0,0.8,19100.0,7.31,187,367,367,0,0,5,STP#12#1#0#0#0#,400050,0,0,,6,,1,,400002,,Y,9500.0,69445.0,889464,0,0,1001,3,0S,0.0,0.0,0,0,0,0,93237,,,0040A008,1,1
2018-05-04 09:32:37,fund.jy.realdeal,0,20180504,6661594,30137|0101000000731787,1,889465,54,000671,2,0899142398,265700,2,,93237,5800.0,7.31,42398.0,4.66,19100.0,7.31,187,367,367,0,0,5,STP#12#1#0#0#0#,400050,0,0,,6,,1,,400002,,Y,15300.0,111843.0,889464,0,0,1001,3,0S,0.0,0.0,0,0,0,0,93237,,,0040A008,1,1
2018-05-04 09:32:37,fund.jy.realdeal,0,20180504,6661595,30137|0101000000731789,1,889465,54,000671,2,0899142398,265700,2,,93237,3800.0,7.31,27778.0,3.06,19100.0,7.31,187,367,367,0,0,5,STP#12#1#0#0#0#,400050,0,0,,7,,1,,400002,,Y,19100.0,139621.0,889464,0,0,1001,3,0S,0.0,0.0,0,0,0,0,93237,,,0040A008,1,1
2018-05-04 09:32:45,fund.jy.realdeal,0,20180504,6661596,30148|0104000000777164,1,889471,55,000002,2,0899142398,265700,2,,93246,1870.0,27.15,50770.5,5.58,20000.0,27.15,187,367,367,0,0,5,STP#17#1#0#0#0#,400055,0,0,,6,,1,,400002,,Y,1870.0,50770.5,889470,0,0,1001,3,0S,0.0,0.0,0,0,0,0,93246,,,0040A008,1,1
2018-05-04 09:32:46,fund.jy.realdeal,0,20180504,6661597,30148|0104000000777408,1,889471,55,000002,2,0899142398,265700,2,,93246,10000.0,27.15,271500.0,29.87,20000.0,27.15,187,367,367,0,0,5,STP#17#1#0#0#0#,400055,0,0,,6,,1,,400002,,Y,11870.0,322270.5,889470,0,0,1001,3,0S,0.0,0.0,0,0,0,0,93246,,,0040A008,1,1
2018-05-04 09:32:46,fund.jy.realdeal,0,20180504,6661598,30148|0104000000778572,1,889471,55,000002,2,0899142398,265700,2,,93247,1500.0,27.15,40725.0,4.48,20000.0,27.15,187,367,367,0,0,5,STP#17#1#0#0#0#,400055,0,0,,6,,1,,400002,,Y,13370.0,362995.5,889470,0,0,1001,3,0S,0.0,0.0,0,0,0,0,93246,,,0040A008,1,1
2018-05-04 09:32:48,fund.jy.realdeal,0,20180504,6661599,30148|0104000000780632,1,889471,55,000002,2,0899142398,265700,2,,93248,200.0,27.15,5430.0,0.6,20000.0,27.15,187,367,367,0,0,5,STP#17#1#0#0#0#,400055,0,0,,6,,1,,400002,,Y,13570.0,368425.5,889470,0,0,1001,3,0S,0.0,0.0,0,0,0,0,93246,,,0040A008,1,1
2018-05-04 09:32:48,fund.jy.realdeal,0,20180504,6661600,30148|0104000000782940,1,889471,55,000002,2,0899142398,265700,2,,93248,2200.0,27.15,59730.0,6.57,20000.0,27.15,187,367,367,0,0,5,STP#17#1#0#0#0#,400055,0,0,,6,,1,,400002,,Y,15770.0,428155.5,889470,0,0,1001,3,0S,0.0,0.0,0,0,0,0,93246,,,0040A008,1,1
2018-05-04 09:32:49,fund.jy.realdeal,0,20180504,6661602,30148|0104000000783732,1,889471,55,000002,2,0899142398,265700,2,,93249,100.0,27.15,2715.0,0.3,20000.0,27.15,187,367,367,0,0,5,STP#17#1#0#0#0#,400055,0,0,,a,,1,,400002,,Y,15870.0,430870.5,889470,0,0,1001,3,0S,0.0,0.0,0,0,0,0,93246,,,0040A008,1,1
2018-05-04 09:32:58,fund.jy.realdeal,0,20180504,6661607,30162|354532,1,889487,90,601003,1,B881487301,32201,2,,93258,30100.0,7.81,235081.0,30.56,36900.0,7.81,187,367,367,0,0,5,STP#12#1#0#0#0#,400050,0,0,,6,,1,,400002,,Y,30100.0,235081.0,889486,0,0,1001,3,S,0.0,0.0,0,0,0,0,93258,,,0040A008,1,1
2018-05-04 09:32:58,fund.jy.realdeal,0,20180504,6661608,30162|354533,1,889487,90,601003,1,B881487301,32201,2,,93258,1000.0,7.81,7810.0,1.02,36900.0,7.81,187,367,367,0,0,5,STP#12#1#0#0#0#,400050,0,0,,6,,1,,400002,,Y,31100.0,242891.0,889486,0,0,1001,3,S,0.0,0.0,0,0,0,0,93258,,,0040A008,1,1
2018-05-04 09:32:58,fund.jy.realdeal,0,20180504,6661609,30162|354534,1,889487,90,601003,1,B881487301,32201,2,,93258,500.0,7.81,3905.0,0.51,36900.0,7.81,187,367,367,0,0,5,STP#12#1#0#0#0#,400050,0,0,,6,,1,,400002,,Y,31600.0,246796.0,889486,0,0,1001,3,S,0.0,0.0,0,0,0,0,93258,,,0040A008,1,1
2018-05-04 09:32:58,fund.jy.realdeal,0,20180504,6661610,30162|354535,1,889487,90,601003,1,B881487301,32201,2,,93258,100.0,7.81,781.0,0.11,36900.0,7.81,187,367,367,0,0,5,STP#12#1#0#0#0#,400050,0,0,,6,,1,,400002,,Y,31700.0,247577.0,889486,0,0,1001,3,S,0.0,0.0,0,0,0,0,93258,,,0040A008,1,1
2018-05-04 09:33:00,fund.jy.realdeal,0,20180504,6661612,30162|356546,1,889487,90,601003,1,B881487301,32201,2,,93259,3400.0,7.81,26554.0,3.45,36900.0,7.81,187,367,367,0,0,5,STP#12#1#0#0#0#,400050,0,0,,6,,1,,400002,,Y,35100.0,274131.0,889486,0,0,1001,3,S,0.0,0.0,0,0,0,0,93258,,,0040A008,1,1
2018-05-04 09:33:01,fund.jy.realdeal,0,20180504,6661613,30162|358834,1,889487,90,601003,1,B881487301,32201,2,,93300,1600.0,7.81,12496.0,1.62,36900.0,7.81,187,367,367,0,0,5,STP#12#1#0#0#0#,400050,0,0,,6,,1,,400002,,Y,36700.0,286627.0,889486,0,0,1001,3,S,0.0,0.0,0,0,0,0,93258,,,0040A008,1,1
2018-05-04 09:33:01,fund.jy.realdeal,0,20180504,6661614,30162|360514,1,889487,90,601003,1,B881487301,32201,2,,93301,100.0,7.81,781.0,0.11,36900.0,7.81,187,367,367,0,0,5,STP#12#1#0#0#0#,400050,0,0,,6,,1,,400002,,Y,36800.0,287408.0,889486,0,0,1001,3,S,0.0,0.0,0,0,0,0,93258,,,0040A008,1,1
2018-05-04 09:33:05,fund.jy.realdeal,0,20180504,6661619,30171|0104000000821896,1,889491,61,000002,2,0899142398,265700,2,,93305,400.0,27.12,10848.0,1.19,400.0,27.12,187,367,367,0,0,5,STP#14#1#0#0#0#,400052,0,0,,7,,1,,400002,,Y,400.0,10848.0,889490,0,0,1001,3,0S,0.0,0.0,0,0,0,0,93305,,,0040A008,1,1
2018-05-04 09:33:07,fund.jy.realdeal,0,20180504,6661620,30162|368528,1,889487,90,601003,1,B881487301,32201,2,,93306,100.0,7.81,781.0,0.11,36900.0,7.81,187,367,367,0,0,5,STP#12#1#0#0#0#,400050,0,0,,7,,1,,400002,,Y,36900.0,288189.0,889486,0,0,1001,3,S,0.0,0.0,0,0,0,0,93258,,,0040A008,1,1
2018-05-04 09:34:40,fund.jy.realdeal,0,20180504,6661811,30175|0104000001028096,1,889633,97,000002,2,0899142398,265700,1,,93440,400.0,27.2,10880.0,1.2,400.0,27.2,187,367,367,0,0,5,STP#14#1#0#0#0#,400052,0,0,,7,,1,,400002,,Y,400.0,10880.0,889632,0,0,1001,3,0B,0.0,0.0,0,0,0,0,93440,,,0040A008,1,1
2018-05-04 09:34:48,fund.jy.realdeal,0,20180504,6661817,30180|0101000001037424,1,889640,99,000830,2,0899142398,265700,1,,93449,600.0,17.8,10680.0,1.17,18000.0,17.81,187,367,367,0,0,5,STP#12#1#0#0#0#,400050,0,0,,6,,1,,400002,,Y,600.0,10680.0,889639,0,0,1001,3,0B,0.0,0.0,0,0,0,0,93449,,,0040A008,1,1
2018-05-04 09:34:48,fund.jy.realdeal,0,20180504,6661818,30180|0101000001037426,1,889640,99,000830,2,0899142398,265700,1,,93449,900.0,17.8,16020.0,1.76,18000.0,17.81,187,367,367,0,0,5,STP#12#1#0#0#0#,400050,0,0,,6,,1,,400002,,Y,1500.0,26700.0,889639,0,0,1001,3,0B,0.0,0.0,0,0,0,0,93449,,,0040A008,1,1
2018-05-04 09:34:48,fund.jy.realdeal,0,20180504,6661819,30180|0101000001037428,1,889640,99,000830,2,0899142398,265700,1,,93449,2100.0,17.8,37380.0,4.11,18000.0,17.81,187,367,367,0,0,5,STP#12#1#0#0#0#,400050,0,0,,6,,1,,400002,,Y,3600.0,64080.0,889639,0,0,1001,3,0B,0.0,0.0,0,0,0,0,93449,,,0040A008,1,1
2018-05-04 09:34:48,fund.jy.realdeal,0,20180504,6661820,30180|0101000001037430,1,889640,99,000830,2,0899142398,265700,1,,93449,400.0,17.8,7120.0,0.78,18000.0,17.81,187,367,367,0,0,5,STP#12#1#0#0#0#,400050,0,0,,6,,1,,400002,,Y,4000.0,71200.0,889639,0,0,1001,3,0B,0.0,0.0,0,0,0,0,93449,,,0040A008,1,1
2018-05-04 09:34:48,fund.jy.realdeal,0,20180504,6661821,30180|0101000001037432,1,889640,99,000830,2,0899142398,265700,1,,93449,1000.0,17.8,17800.0,1.96,18000.0,17.81,187,367,367,0,0,5,STP#12#1#0#0#0#,400050,0,0,,6,,1,,400002,,Y,5000.0,89000.0,889639,0,0,1001,3,0B,0.0,0.0,0,0,0,0,93449,,,0040A008,1,1
2018-05-04 09:34:48,fund.jy.realdeal,0,20180504,6661822,30180|0101000001037434,1,889640,99,000830,2,0899142398,265700,1,,93449,1000.0,17.8,17800.0,1.96,18000.0,17.81,187,367,367,0,0,5,STP#12#1#0#0#0#,400050,0,0,,6,,1,,400002,,Y,6000.0,106800.0,889639,0,0,1001,3,0B,0.0,0.0,0,0,0,0,93449,,,0040A008,1,1
2018-05-04 09:34:48,fund.jy.realdeal,0,20180504,6661823,30180|0101000001037436,1,889640,99,000830,2,0899142398,265700,1,,93449,800.0,17.8,14240.0,1.57,18000.0,17.81,187,367,367,0,0,5,STP#12#1#0#0#0#,400050,0,0,,6,,1,,400002,,Y,6800.0,121040.0,889639,0,0,1001,3,0B,0.0,0.0,0,0,0,0,93449,,,0040A008,1,1
2018-05-04 09:34:48,fund.jy.realdeal,0,20180504,6661824,30180|0101000001037438,1,889640,99,000830,2,0899142398,265700,1,,93449,2000.0,17.8,35600.0,3.92,18000.0,17.81,187,367,367,0,0,5,STP#12#1#0#0#0#,400050,0,0,,6,,1,,400002,,Y,8800.0,156640.0,889639,0,0,1001,3,0B,0.0,0.0,0,0,0,0,93449,,,0040A008,1,1
2018-05-04 09:34:48,fund.jy.realdeal,0,20180504,6661825,30180|0101000001037440,1,889640,99,000830,2,0899142398,265700,1,,93449,1000.0,17.8,17800.0,1.96,18000.0,17.81,187,367,367,0,0,5,STP#12#1#0#0#0#,400050,0,0,,6,,1,,400002,,Y,9800.0,174440.0,889639,0,0,1001,3,0B,0.0,0.0,0,0,0,0,93449,,,0040A008,1,1
2018-05-04 09:34:48,fund.jy.realdeal,0,20180504,6661826,30180|0101000001037442,1,889640,99,000830,2,0899142398,265700,1,,93449,300.0,17.8,5340.0,0.59,18000.0,17.81,187,367,367,0,0,5,STP#12#1#0#0#0#,400050,0,0,,6,,1,,400002,,Y,10100.0,179780.0,889639,0,0,1001,3,0B,0.0,0.0,0,0,0,0,93449,,,0040A008,1,1
2018-05-04 09:34:48,fund.jy.realdeal,0,20180504,6661827,30180|0101000001037444,1,889640,99,000830,2,0899142398,265700,1,,93449,500.0,17.8,8900.0,0.98,18000.0,17.81,187,367,367,0,0,5,STP#12#1#0#0#0#,400050,0,0,,6,,1,,400002,,Y,10600.0,188680.0,889639,0,0,1001,3,0B,0.0,0.0,0,0,0,0,93449,,,0040A008,1,1
2018-05-04 09:34:48,fund.jy.realdeal,0,20180504,6661828,30180|0101000001037446,1,889640,99,000830,2,0899142398,265700,1,,93449,500.0,17.8,8900.0,0.98,18000.0,17.81,187,367,367,0,0,5,STP#12#1#0#0#0#,400050,0,0,,6,,1,,400002,,Y,11100.0,197580.0,889639,0,0,1001,3,0B,0.0,0.0,0,0,0,0,93449,,,0040A008,1,1
2018-05-04 09:34:48,fund.jy.realdeal,0,20180504,6661829,30180|0101000001037448,1,889640,99,000830,2,0899142398,265700,1,,93449,1100.0,17.81,19591.0,2.16,18000.0,17.81,187,367,367,0,0,5,STP#12#1#0#0#0#,400050,0,0,,6,,1,,400002,,Y,12200.0,217171.0,889639,0,0,1001,3,0B,0.0,0.0,0,0,0,0,93449,,,0040A008,1,1
2018-05-04 09:34:48,fund.jy.realdeal,0,20180504,6661830,30180|0101000001037450,1,889640,99,000830,2,0899142398,265700,1,,93449,300.0,17.81,5343.0,0.59,18000.0,17.81,187,367,367,0,0,5,STP#12#1#0#0#0#,400050,0,0,,6,,1,,400002,,Y,12500.0,222514.0,889639,0,0,1001,3,0B,0.0,0.0,0,0,0,0,93449,,,0040A008,1,1
2018-05-04 09:34:48,fund.jy.realdeal,0,20180504,6661831,30180|0101000001037452,1,889640,99,000830,2,0899142398,265700,1,,93449,100.0,17.81,1781.0,0.2,18000.0,17.81,187,367,367,0,0,5,STP#12#1#0#0#0#,400050,0,0,,6,,1,,400002,,Y,12600.0,224295.0,889639,0,0,1001,3,0B,0.0,0.0,0,0,0,0,93449,,,0040A008,1,1
2018-05-04 09:34:48,fund.jy.realdeal,0,20180504,6661832,30180|0101000001037454,1,889640,99,000830,2,0899142398,265700,1,,93449,800.0,17.81,14248.0,1.57,18000.0,17.81,187,367,367,0,0,5,STP#12#1#0#0#0#,400050,0,0,,6,,1,,400002,,Y,13400.0,238543.0,889639,0,0,1001,3,0B,0.0,0.0,0,0,0,0,93449,,,0040A008,1,1
2018-05-04 09:34:48,fund.jy.realdeal,0,20180504,6661833,30180|0101000001037456,1,889640,99,000830,2,0899142398,265700,1,,93449,800.0,17.81,14248.0,1.57,18000.0,17.81,187,367,367,0,0,5,STP#12#1#0#0#0#,400050,0,0,,6,,1,,400002,,Y,14200.0,252791.0,889639,0,0,1001,3,0B,0.0,0.0,0,0,0,0,93449,,,0040A008,1,1
2018-05-04 09:34:48,fund.jy.realdeal,0,20180504,6661834,30180|0101000001037458,1,889640,99,000830,2,0899142398,265700,1,,93449,1000.0,17.81,17810.0,1.96,18000.0,17.81,187,367,367,0,0,5,STP#12#1#0#0#0#,400050,0,0,,6,,1,,400002,,Y,15200.0,270601.0,889639,0,0,1001,3,0B,0.0,0.0,0,0,0,0,93449,,,0040A008,1,1
2018-05-04 09:34:48,fund.jy.realdeal,0,20180504,6661835,30180|0101000001037460,1,889640,99,000830,2,0899142398,265700,1,,93449,800.0,17.81,14248.0,1.57,18000.0,17.81,187,367,367,0,0,5,STP#12#1#0#0#0#,400050,0,0,,6,,1,,400002,,Y,16000.0,284849.0,889639,0,0,1001,3,0B,0.0,0.0,0,0,0,0,93449,,,0040A008,1,1
2018-05-04 09:34:48,fund.jy.realdeal,0,20180504,6661836,30180|0101000001037462,1,889640,99,000830,2,0899142398,265700,1,,93449,2000.0,17.81,35620.0,3.92,18000.0,17.81,187,367,367,0,0,5,STP#12#1#0#0#0#,400050,0,0,,7,,1,,400002,,Y,18000.0,320469.0,889639,0,0,1001,3,0B,0.0,0.0,0,0,0,0,93449,,,0040A008,1,1
2018-05-04 09:35:01,fund.jy.realdeal,0,20180504,6661898,30207|0104000001072876,1,889718,115,000002,2,0899142398,265700,1,,93502,1900.0,27.3,51870.0,5.71,14200.0,27.3,187,367,367,0,0,5,STP#17#1#0#0#0#,400055,0,0,,6,,1,,400002,,Y,1900.0,51870.0,889717,0,0,1001,3,0B,0.0,0.0,0,0,0,0,93502,,,0040A008,1,1
2018-05-04 09:35:01,fund.jy.realdeal,0,20180504,6661899,30207|0104000001072878,1,889718,115,000002,2,0899142398,265700,1,,93502,200.0,27.3,5460.0,0.6,14200.0,27.3,187,367,367,0,0,5,STP#17#1#0#0#0#,400055,0,0,,6,,1,,400002,,Y,2100.0,57330.0,889717,0,0,1001,3,0B,0.0,0.0,0,0,0,0,93502,,,0040A008,1,1
2018-05-04 09:35:01,fund.jy.realdeal,0,20180504,6661900,30207|0104000001072880,1,889718,115,000002,2,0899142398,265700,1,,93502,900.0,27.3,24570.0,2.7,14200.0,27.3,187,367,367,0,0,5,STP#17#1#0#0#0#,400055,0,0,,6,,1,,400002,,Y,3000.0,81900.0,889717,0,0,1001,3,0B,0.0,0.0,0,0,0,0,93502,,,0040A008,1,1
2018-05-04 09:35:01,fund.jy.realdeal,0,20180504,6661901,30207|0104000001072882,1,889718,115,000002,2,0899142398,265700,1,,93502,200.0,27.3,5460.0,0.6,14200.0,27.3,187,367,367,0,0,5,STP#17#1#0#0#0#,400055,0,0,,6,,1,,400002,,Y,3200.0,87360.0,889717,0,0,1001,3,0B,0.0,0.0,0,0,0,0,93502,,,0040A008,1,1
2018-05-04 09:35:01,fund.jy.realdeal,0,20180504,6661902,30207|0104000001072884,1,889718,115,000002,2,0899142398,265700,1,,93502,200.0,27.3,5460.0,0.6,14200.0,27.3,187,367,367,0,0,5,STP#17#1#0#0#0#,400055,0,0,,6,,1,,400002,,Y,3400.0,92820.0,889717,0,0,1001,3,0B,0.0,0.0,0,0,0,0,93502,,,0040A008,1,1
2018-05-04 09:35:01,fund.jy.realdeal,0,20180504,6661903,30207|0104000001072886,1,889718,115,000002,2,0899142398,265700,1,,93502,3200.0,27.3,87360.0,9.61,14200.0,27.3,187,367,367,0,0,5,STP#17#1#0#0#0#,400055,0,0,,6,,1,,400002,,Y,6600.0,180180.0,889717,0,0,1001,3,0B,0.0,0.0,0,0,0,0,93502,,,0040A008,1,1
2018-05-04 09:35:01,fund.jy.realdeal,0,20180504,6661904,30207|0104000001072888,1,889718,115,000002,2,0899142398,265700,1,,93502,300.0,27.3,8190.0,0.9,14200.0,27.3,187,367,367,0,0,5,STP#17#1#0#0#0#,400055,0,0,,6,,1,,400002,,Y,6900.0,188370.0,889717,0,0,1001,3,0B,0.0,0.0,0,0,0,0,93502,,,0040A008,1,1
2018-05-04 09:35:01,fund.jy.realdeal,0,20180504,6661905,30207|0104000001072890,1,889718,115,000002,2,0899142398,265700,1,,93502,1800.0,27.3,49140.0,5.41,14200.0,27.3,187,367,367,0,0,5,STP#17#1#0#0#0#,400055,0,0,,6,,1,,400002,,Y,8700.0,237510.0,889717,0,0,1001,3,0B,0.0,0.0,0,0,0,0,93502,,,0040A008,1,1
2018-05-04 09:35:01,fund.jy.realdeal,0,20180504,6661906,30207|0104000001072892,1,889718,115,000002,2,0899142398,265700,1,,93502,200.0,27.3,5460.0,0.6,14200.0,27.3,187,367,367,0,0,5,STP#17#1#0#0#0#,400055,0,0,,6,,1,,400002,,Y,8900.0,242970.0,889717,0,0,1001,3,0B,0.0,0.0,0,0,0,0,93502,,,0040A008,1,1
2018-05-04 09:35:01,fund.jy.realdeal,0,20180504,6661907,30207|0104000001072894,1,889718,115,000002,2,0899142398,265700,1,,93502,600.0,27.3,16380.0,1.8,14200.0,27.3,187,367,367,0,0,5,STP#17#1#0#0#0#,400055,0,0,,6,,1,,400002,,Y,9500.0,259350.0,889717,0,0,1001,3,0B,0.0,0.0,0,0,0,0,93502,,,0040A008,1,1
2018-05-04 09:35:01,fund.jy.realdeal,0,20180504,6661908,30207|0104000001072896,1,889718,115,000002,2,0899142398,265700,1,,93502,500.0,27.3,13650.0,1.5,14200.0,27.3,187,367,367,0,0,5,STP#17#1#0#0#0#,400055,0,0,,6,,1,,400002,,Y,10000.0,273000.0,889717,0,0,1001,3,0B,0.0,0.0,0,0,0,0,93502,,,0040A008,1,1
2018-05-04 09:35:13,fund.jy.realdeal,0,20180504,6661939,30222|0104000001095006,1,889722,117,000002,2,0899142398,265700,1,,93513,300.0,27.38,8214.0,0.9,10800.0,27.38,187,367,367,0,0,5,STP#17#1#0#0#0#,400055,0,0,,6,,1,,400002,,Y,300.0,8214.0,889721,0,0,1001,3,0B,0.0,0.0,0,0,0,0,93513,,,0040A008,1,1
2018-05-04 09:35:15,fund.jy.realdeal,0,20180504,6661944,30222|0104000001098706,1,889722,117,000002,2,0899142398,265700,1,,93515,114.0,27.38,3121.32,0.34,10800.0,27.38,187,367,367,0,0,5,STP#17#1#0#0#0#,400055,0,0,,6,,1,,400002,,Y,414.0,11335.32,889721,0,0,1001,3,0B,0.0,0.0,0,0,0,0,93513,,,0040A008,1,1
2018-05-04 09:35:15,fund.jy.realdeal,0,20180504,6661945,30225|0101000001095093,1,889725,118,000830,2,0899142398,265700,1,,93515,600.0,17.84,10704.0,1.18,600.0,17.84,187,367,367,0,0,5,STP#14#1#0#0#0#,400052,0,0,,7,,1,,400002,,Y,600.0,10704.0,889724,0,0,1001,3,0B,0.0,0.0,0,0,0,0,93515,,,0040A008,1,1
2018-05-04 09:35:16,fund.jy.realdeal,0,20180504,6661948,30222|0104000001101017,1,889722,117,000002,2,0899142398,265700,1,,93516,2100.0,27.38,57498.0,6.32,10800.0,27.38,187,367,367,0,0,5,STP#17#1#0#0#0#,400055,0,0,,6,,1,,400002,,Y,2514.0,68833.32,889721,0,0,1001,3,0B,0.0,0.0,0,0,0,0,93513,,,0040A008,1,1
2018-05-04 09:35:23,fund.jy.realdeal,0,20180504,6661969,30234|545700,1,889730,191,601003,1,B881487301,32201,1,,93523,9200.0,7.73,71116.0,9.24,60000.0,7.73,187,367,367,0,0,5,STP#12#1#0#0#0#,400050,0,0,,6,,1,,400002,,Y,9200.0,71116.0,889729,0,0,1001,3,B,0.0,0.0,0,0,0,0,93523,,,0040A008,1,1
2018-05-04 09:35:23,fund.jy.realdeal,0,20180504,6661970,30234|545701,1,889730,191,601003,1,B881487301,32201,1,,93523,100.0,7.73,773.0,0.11,60000.0,7.73,187,367,367,0,0,5,STP#12#1#0#0#0#,400050,0,0,,6,,1,,400002,,Y,9300.0,71889.0,889729,0,0,1001,3,B,0.0,0.0,0,0,0,0,93523,,,0040A008,1,1
2018-05-04 09:35:23,fund.jy.realdeal,0,20180504,6661971,30234|545702,1,889730,191,601003,1,B881487301,32201,1,,93523,200.0,7.73,1546.0,0.2,60000.0,7.73,187,367,367,0,0,5,STP#12#1#0#0#0#,400050,0,0,,6,,1,,400002,,Y,9500.0,73435.0,889729,0,0,1001,3,B,0.0,0.0,0,0,0,0,93523,,,0040A008,1,1
2018-05-04 09:35:23,fund.jy.realdeal,0,20180504,6661972,30234|545703,1,889730,191,601003,1,B881487301,32201,1,,93523,500.0,7.73,3865.0,0.51,60000.0,7.73,187,367,367,0,0,5,STP#12#1#0#0#0#,400050,0,0,,6,,1,,400002,,Y,10000.0,77300.0,889729,0,0,1001,3,B,0.0,0.0,0,0,0,0,93523,,,0040A008,1,1
2018-05-04 09:35:23,fund.jy.realdeal,0,20180504,6661973,30234|545704,1,889730,191,601003,1,B881487301,32201,1,,93523,600.0,7.73,4638.0,0.6,60000.0,7.73,187,367,367,0,0,5,STP#12#1#0#0#0#,400050,0,0,,6,,1,,400002,,Y,10600.0,81938.0,889729,0,0,1001,3,B,0.0,0.0,0,0,0,0,93523,,,0040A008,1,1
2018-05-04 09:35:23,fund.jy.realdeal,0,20180504,6661974,30234|545705,1,889730,191,601003,1,B881487301,32201,1,,93523,4500.0,7.73,34785.0,4.53,60000.0,7.73,187,367,367,0,0,5,STP#12#1#0#0#0#,400050,0,0,,6,,1,,400002,,Y,15100.0,116723.0,889729,0,0,1001,3,B,0.0,0.0,0,0,0,0,93523,,,0040A008,1,1
2018-05-04 09:35:23,fund.jy.realdeal,0,20180504,6661975,30234|545706,1,889730,191,601003,1,B881487301,32201,1,,93523,27200.0,7.73,210256.0,27.34,60000.0,7.73,187,367,367,0,0,5,STP#12#1#0#0#0#,400050,0,0,,6,,1,,400002,,Y,42300.0,326979.0,889729,0,0,1001,3,B,0.0,0.0,0,0,0,0,93523,,,0040A008,1,1
2018-05-04 09:35:23,fund.jy.realdeal,0,20180504,6661976,30234|545707,1,889730,191,601003,1,B881487301,32201,1,,93523,800.0,7.73,6184.0,0.8,60000.0,7.73,187,367,367,0,0,5,STP#12#1#0#0#0#,400050,0,0,,6,,1,,400002,,Y,43100.0,333163.0,889729,0,0,1001,3,B,0.0,0.0,0,0,0,0,93523,,,0040A008,1,1
2018-05-04 09:35:23,fund.jy.realdeal,0,20180504,6661977,30234|545708,1,889730,191,601003,1,B881487301,32201,1,,93523,16900.0,7.73,130637.0,16.98,60000.0,7.73,187,367,367,0,0,5,STP#12#1#0#0#0#,400050,0,0,,7,,1,,400002,,Y,60000.0,463800.0,889729,0,0,1001,3,B,0.0,0.0,0,0,0,0,93523,,,0040A008,1,1
2018-05-04 09:35:34,fund.jy.realdeal,0,20180504,6662006,30245|0104000001138782,1,889733,121,000002,2,0899142398,265700,1,,93534,8300.0,27.4,227420.0,25.02,8300.0,27.4,187,367,367,0,0,5,STP#17#1#0#0#0#,400055,0,0,,7,,1,,400002,,Y,8300.0,227420.0,889732,0,0,1001,3,0B,0.0,0.0,0,0,0,0,93534,,,0040A008,1,1
2018-05-04 09:36:01,fund.jy.realdeal,0,20180504,6662040,30248|0101000001197141,1,889742,123,000830,2,0899142398,265700,2,,93602,18000.0,17.92,322560.0,35.48,18000.0,17.92,187,367,367,0,0,5,STP#12#1#0#0#0#,400050,0,0,,7,,1,,400002,,Y,18000.0,322560.0,889741,0,0,1001,3,0S,0.0,0.0,0,0,0,0,93602,,,0040A008,1,1
2018-05-04 09:36:51,fund.jy.realdeal,0,20180504,6662103,30255|0101000001295064,1,889822,148,000830,2,0899142398,265700,2,,93651,200.0,17.93,3586.0,0.39,600.0,17.93,187,367,367,0,0,5,STP#14#1#0#0#0#,400052,0,0,,6,,1,,400002,,Y,200.0,3586.0,889821,0,0,1001,3,0S,0.0,0.0,0,0,0,0,93651,,,0040A008,1,1
2018-05-04 09:36:51,fund.jy.realdeal,0,20180504,6662104,30255|0101000001295233,1,889822,148,000830,2,0899142398,265700,2,,93652,400.0,17.93,7172.0,0.79,600.0,17.93,187,367,367,0,0,5,STP#14#1#0#0#0#,400052,0,0,,7,,1,,400002,,Y,600.0,10758.0,889821,0,0,1001,3,0S,0.0,0.0,0,0,0,0,93651,,,0040A008,1,1
2018-05-04 09:37:17,fund.jy.realdeal,0,20180504,6662161,30259|686587,1,889854,249,601003,1,B881487301,32201,2,,93717,3000.0,7.72,23160.0,3.01,60000.0,7.72,187,367,367,0,0,5,STP#12#1#0#0#0#,400050,0,0,,6,,1,,400002,,Y,3000.0,23160.0,889853,0,0,1001,3,S,0.0,0.0,0,0,0,0,93717,,,0040A008,1,1
2018-05-04 09:37:17,fund.jy.realdeal,0,20180504,6662162,30259|686761,1,889854,249,601003,1,B881487301,32201,2,,93717,10000.0,7.72,77200.0,10.03,60000.0,7.72,187,367,367,0,0,5,STP#12#1#0#0#0#,400050,0,0,,6,,1,,400002,,Y,13000.0,100360.0,889853,0,0,1001,3,S,0.0,0.0,0,0,0,0,93717,,,0040A008,1,1
2018-05-04 09:37:18,fund.jy.realdeal,0,20180504,6662171,30259|687119,1,889854,249,601003,1,B881487301,32201,2,,93717,1900.0,7.72,14668.0,1.9,60000.0,7.72,187,367,367,0,0,5,STP#12#1#0#0#0#,400050,0,0,,6,,1,,400002,,Y,14900.0,115028.0,889853,0,0,1001,3,S,0.0,0.0,0,0,0,0,93717,,,0040A008,1,1
2018-05-04 09:37:19,fund.jy.realdeal,0,20180504,6662186,30259|689070,1,889854,249,601003,1,B881487301,32201,2,,93719,600.0,7.72,4632.0,0.6,60000.0,7.72,187,367,367,0,0,5,STP#12#1#0#0#0#,400050,0,0,,6,,1,,400002,,Y,15500.0,119660.0,889853,0,0,1001,3,S,0.0,0.0,0,0,0,0,93717,,,0040A008,1,1
2018-05-04 09:37:21,fund.jy.realdeal,0,20180504,6662198,30259|691165,1,889854,249,601003,1,B881487301,32201,2,,93721,1000.0,7.72,7720.0,1.0,60000.0,7.72,187,367,367,0,0,5,STP#12#1#0#0#0#,400050,0,0,,6,,1,,400002,,Y,16500.0,127380.0,889853,0,0,1001,3,S,0.0,0.0,0,0,0,0,93717,,,0040A008,1,1
2018-05-04 09:38:30,fund.jy.realdeal,0,20180504,6662351,30268|770182,1,889973,292,601003,1,B881487301,32201,2,,93829,500.0,7.72,3860.0,0.5,43500.0,7.72,187,367,367,0,0,5,STP#12#1#0#0#0#,400050,0,0,,6,,1,,400002,,Y,500.0,3860.0,889972,0,0,1001,3,S,0.0,0.0,0,0,0,0,93829,,,0040A008,1,1
2018-05-04 09:38:35,fund.jy.realdeal,0,20180504,6662365,30268|776761,1,889973,292,601003,1,B881487301,32201,2,,93835,500.0,7.72,3860.0,0.5,43500.0,7.72,187,367,367,0,0,5,STP#12#1#0#0#0#,400050,0,0,,6,,1,,400002,,Y,1000.0,7720.0,889972,0,0,1001,3,S,0.0,0.0,0,0,0,0,93829,,,0040A008,1,1
2018-05-04 09:38:35,fund.jy.realdeal,0,20180504,6662366,30268|776814,1,889973,292,601003,1,B881487301,32201,2,,93835,100.0,7.72,772.0,0.1,43500.0,7.72,187,367,367,0,0,5,STP#12#1#0#0#0#,400050,0,0,,6,,1,,400002,,Y,1100.0,8492.0,889972,0,0,1001,3,S,0.0,0.0,0,0,0,0,93829,,,0040A008,1,1
2018-05-04 09:38:37,fund.jy.realdeal,0,20180504,6662373,30268|777942,1,889973,292,601003,1,B881487301,32201,2,,93836,300.0,7.72,2316.0,0.3,43500.0,7.72,187,367,367,0,0,5,STP#12#1#0#0#0#,400050,0,0,,6,,1,,400002,,Y,1400.0,10808.0,889972,0,0,1001,3,S,0.0,0.0,0,0,0,0,93829,,,0040A008,1,1
2018-05-04 09:38:41,fund.jy.realdeal,0,20180504,6662390,30268|782966,1,889973,292,601003,1,B881487301,32201,2,,93841,500.0,7.72,3860.0,0.5,43500.0,7.72,187,367,367,0,0,5,STP#12#1#0#0#0#,400050,0,0,,6,,1,,400002,,Y,1900.0,14668.0,889972,0,0,1001,3,S,0.0,0.0,0,0,0,0,93829,,,0040A008,1,1
2018-05-04 09:38:42,fund.jy.realdeal,0,20180504,6662391,30268|783330,1,889973,292,601003,1,B881487301,32201,2,,93841,200.0,7.72,1544.0,0.2,43500.0,7.72,187,367,367,0,0,5,STP#12#1#0#0#0#,400050,0,0,,6,,1,,400002,,Y,2100.0,16212.0,889972,0,0,1001,3,S,0.0,0.0,0,0,0,0,93829,,,0040A008,1,1
2018-05-04 09:38:43,fund.jy.realdeal,0,20180504,6662393,30268|785025,1,889973,292,601003,1,B881487301,32201,2,,93842,2000.0,7.72,15440.0,2.01,43500.0,7.72,187,367,367,0,0,5,STP#12#1#0#0#0#,400050,0,0,,6,,1,,400002,,Y,4100.0,31652.0,889972,0,0,1001,3,S,0.0,0.0,0,0,0,0,93829,,,0040A008,1,1
2018-05-04 09:38:43,fund.jy.realdeal,0,20180504,6662394,30268|785425,1,889973,292,601003,1,B881487301,32201,2,,93843,3000.0,7.72,23160.0,3.01,43500.0,7.72,187,367,367,0,0,5,STP#12#1#0#0#0#,400050,0,0,,6,,1,,400002,,Y,7100.0,54812.0,889972,0,0,1001,3,S,0.0,0.0,0,0,0,0,93829,,,0040A008,1,1
2018-05-04 09:38:46,fund.jy.realdeal,0,20180504,6662396,30268|788528,1,889973,292,601003,1,B881487301,32201,2,,93846,4000.0,7.72,30880.0,4.02,43500.0,7.72,187,367,367,0,0,5,STP#12#1#0#0#0#,400050,0,0,,6,,1,,400002,,Y,11100.0,85692.0,889972,0,0,1001,3,S,0.0,0.0,0,0,0,0,93829,,,0040A008,1,1
2018-05-04 09:38:49,fund.jy.realdeal,0,20180504,6662402,30268|792709,1,889973,292,601003,1,B881487301,32201,2,,93850,10000.0,7.72,77200.0,10.03,43500.0,7.72,187,367,367,0,0,5,STP#12#1#0#0#0#,400050,0,0,,6,,1,,400002,,Y,21100.0,162892.0,889972,0,0,1001,3,S,0.0,0.0,0,0,0,0,93829,,,0040A008,1,1
2018-05-04 09:38:55,fund.jy.realdeal,0,20180504,6662414,30268|798869,1,889973,292,601003,1,B881487301,32201,2,,93855,500.0,7.72,3860.0,0.5,43500.0,7.72,187,367,367,0,0,5,STP#12#1#0#0#0#,400050,0,0,,6,,1,,400002,,Y,21600.0,166752.0,889972,0,0,1001,3,S,0.0,0.0,0,0,0,0,93829,,,0040A008,1,1
2018-05-04 09:38:57,fund.jy.realdeal,0,20180504,6662415,30268|799590,1,889973,292,601003,1,B881487301,32201,2,,93856,5000.0,7.72,38600.0,5.02,43500.0,7.72,187,367,367,0,0,5,STP#12#1#0#0#0#,400050,0,0,,6,,1,,400002,,Y,26600.0,205352.0,889972,0,0,1001,3,S,0.0,0.0,0,0,0,0,93829,,,0040A008,1,1
2018-05-04 09:39:01,fund.jy.realdeal,0,20180504,6662426,30268|804521,1,889973,292,601003,1,B881487301,32201,2,,93901,5000.0,7.72,38600.0,5.02,43500.0,7.72,187,367,367,0,0,5,STP#12#1#0#0#0#,400050,0,0,,6,,1,,400002,,Y,31600.0,243952.0,889972,0,0,1001,3,S,0.0,0.0,0,0,0,0,93829,,,0040A008,1,1
2018-05-04 09:39:02,fund.jy.realdeal,0,20180504,6662444,30268|804664,1,889973,292,601003,1,B881487301,32201,2,,93901,7800.0,7.72,60216.0,7.82,43500.0,7.72,187,367,367,0,0,5,STP#12#1#0#0#0#,400050,0,0,,6,,1,,400002,,Y,39400.0,304168.0,889972,0,0,1001,3,S,0.0,0.0,0,0,0,0,93829,,,0040A008,1,1
2018-05-04 09:39:04,fund.jy.realdeal,0,20180504,6662470,30268|807496,1,889973,292,601003,1,B881487301,32201,2,,93904,200.0,7.72,1544.0,0.2,43500.0,7.72,187,367,367,0,0,5,STP#12#1#0#0#0#,400050,0,0,,6,,1,,400002,,Y,39600.0,305712.0,889972,0,0,1001,3,S,0.0,0.0,0,0,0,0,93829,,,0040A008,1,1
2018-05-04 09:39:06,fund.jy.realdeal,0,20180504,6662479,30268|809423,1,889973,292,601003,1,B881487301,32201,2,,93905,100.0,7.72,772.0,0.1,43500.0,7.72,187,367,367,0,0,5,STP#12#1#0#0#0#,400050,0,0,,6,,1,,400002,,Y,39700.0,306484.0,889972,0,0,1001,3,S,0.0,0.0,0,0,0,0,93829,,,0040A008,1,1
2018-05-04 09:39:11,fund.jy.realdeal,0,20180504,6662490,30268|815419,1,889973,292,601003,1,B881487301,32201,2,,93911,3800.0,7.72,29336.0,3.82,43500.0,7.72,187,367,367,0,0,5,STP#12#1#0#0#0#,400050,0,0,,7,,1,,400002,,Y,43500.0,335820.0,889972,0,0,1001,3,S,0.0,0.0,0,0,0,0,93829,,,0040A008,1,1
2018-05-04 09:41:02,fund.jy.realdeal,0,20180504,6662640,30287|925075,1,890179,380,600383,1,B881487301,32201,1,,94101,1500.0,11.35,17025.0,2.21,50000.0,11.35,187,367,367,0,0,5,STP#17#1#0#0#0#,400055,0,0,,6,,1,,400002,,Y,1500.0,17025.0,890178,0,0,1001,3,B,0.0,0.0,0,0,0,0,94101,,,0040A008,1,1
2018-05-04 09:41:02,fund.jy.realdeal,0,20180504,6662641,30287|925076,1,890179,380,600383,1,B881487301,32201,1,,94101,2000.0,11.35,22700.0,2.95,50000.0,11.35,187,367,367,0,0,5,STP#17#1#0#0#0#,400055,0,0,,6,,1,,400002,,Y,3500.0,39725.0,890178,0,0,1001,3,B,0.0,0.0,0,0,0,0,94101,,,0040A008,1,1
2018-05-04 09:41:02,fund.jy.realdeal,0,20180504,6662642,30287|925077,1,890179,380,600383,1,B881487301,32201,1,,94101,500.0,11.35,5675.0,0.73,50000.0,11.35,187,367,367,0,0,5,STP#17#1#0#0#0#,400055,0,0,,6,,1,,400002,,Y,4000.0,45400.0,890178,0,0,1001,3,B,0.0,0.0,0,0,0,0,94101,,,0040A008,1,1
2018-05-04 09:41:02,fund.jy.realdeal,0,20180504,6662643,30287|925078,1,890179,380,600383,1,B881487301,32201,1,,94101,1000.0,11.35,11350.0,1.48,50000.0,11.35,187,367,367,0,0,5,STP#17#1#0#0#0#,400055,0,0,,6,,1,,400002,,Y,5000.0,56750.0,890178,0,0,1001,3,B,0.0,0.0,0,0,0,0,94101,,,0040A008,1,1
2018-05-04 09:41:02,fund.jy.realdeal,0,20180504,6662644,30287|925079,1,890179,380,600383,1,B881487301,32201,1,,94101,1000.0,11.35,11350.0,1.48,50000.0,11.35,187,367,367,0,0,5,STP#17#1#0#0#0#,400055,0,0,,6,,1,,400002,,Y,6000.0,68100.0,890178,0,0,1001,3,B,0.0,0.0,0,0,0,0,94101,,,0040A008,1,1
2018-05-04 09:41:02,fund.jy.realdeal,0,20180504,6662645,30287|925080,1,890179,380,600383,1,B881487301,32201,1,,94101,300.0,11.35,3405.0,0.44,50000.0,11.35,187,367,367,0,0,5,STP#17#1#0#0#0#,400055,0,0,,6,,1,,400002,,Y,6300.0,71505.0,890178,0,0,1001,3,B,0.0,0.0,0,0,0,0,94101,,,0040A008,1,1
2018-05-04 09:41:02,fund.jy.realdeal,0,20180504,6662646,30287|925081,1,890179,380,600383,1,B881487301,32201,1,,94101,1900.0,11.35,21565.0,2.8,50000.0,11.35,187,367,367,0,0,5,STP#17#1#0#0#0#,400055,0,0,,6,,1,,400002,,Y,8200.0,93070.0,890178,0,0,1001,3,B,0.0,0.0,0,0,0,0,94101,,,0040A008,1,1
2018-05-04 09:41:02,fund.jy.realdeal,0,20180504,6662647,30287|925082,1,890179,380,600383,1,B881487301,32201,1,,94101,5000.0,11.35,56750.0,7.38,50000.0,11.35,187,367,367,0,0,5,STP#17#1#0#0#0#,400055,0,0,,6,,1,,400002,,Y,13200.0,149820.0,890178,0,0,1001,3,B,0.0,0.0,0,0,0,0,94101,,,0040A008,1,1
2018-05-04 09:41:02,fund.jy.realdeal,0,20180504,6662648,30287|925083,1,890179,380,600383,1,B881487301,32201,1,,94101,300.0,11.35,3405.0,0.44,50000.0,11.35,187,367,367,0,0,5,STP#17#1#0#0#0#,400055,0,0,,6,,1,,400002,,Y,13500.0,153225.0,890178,0,0,1001,3,B,0.0,0.0,0,0,0,0,94101,,,0040A008,1,1
2018-05-04 09:41:02,fund.jy.realdeal,0,20180504,6662649,30287|925084,1,890179,380,600383,1,B881487301,32201,1,,94101,1500.0,11.35,17025.0,2.21,50000.0,11.35,187,367,367,0,0,5,STP#17#1#0#0#0#,400055,0,0,,6,,1,,400002,,Y,15000.0,170250.0,890178,0,0,1001,3,B,0.0,0.0,0,0,0,0,94101,,,0040A008,1,1
2018-05-04 09:41:02,fund.jy.realdeal,0,20180504,6662650,30287|925085,1,890179,380,600383,1,B881487301,32201,1,,94101,1000.0,11.35,11350.0,1.48,50000.0,11.35,187,367,367,0,0,5,STP#17#1#0#0#0#,400055,0,0,,6,,1,,400002,,Y,16000.0,181600.0,890178,0,0,1001,3,B,0.0,0.0,0,0,0,0,94101,,,0040A008,1,1
2018-05-04 09:41:02,fund.jy.realdeal,0,20180504,6662651,30287|925086,1,890179,380,600383,1,B881487301,32201,1,,94101,300.0,11.35,3405.0,0.44,50000.0,11.35,187,367,367,0,0,5,STP#17#1#0#0#0#,400055,0,0,,6,,1,,400002,,Y,16300.0,185005.0,890178,0,0,1001,3,B,0.0,0.0,0,0,0,0,94101,,,0040A008,1,1
2018-05-04 09:41:02,fund.jy.realdeal,0,20180504,6662652,30287|925087,1,890179,380,600383,1,B881487301,32201,1,,94101,10000.0,11.35,113500.0,14.76,50000.0,11.35,187,367,367,0,0,5,STP#17#1#0#0#0#,400055,0,0,,6,,1,,400002,,Y,26300.0,298505.0,890178,0,0,1001,3,B,0.0,0.0,0,0,0,0,94101,,,0040A008,1,1
2018-05-04 09:41:02,fund.jy.realdeal,0,20180504,6662653,30287|925088,1,890179,380,600383,1,B881487301,32201,1,,94101,2000.0,11.35,22700.0,2.95,50000.0,11.35,187,367,367,0,0,5,STP#17#1#0#0#0#,400055,0,0,,6,,1,,400002,,Y,28300.0,321205.0,890178,0,0,1001,3,B,0.0,0.0,0,0,0,0,94101,,,0040A008,1,1
2018-05-04 09:41:02,fund.jy.realdeal,0,20180504,6662654,30287|925089,1,890179,380,600383,1,B881487301,32201,1,,94101,500.0,11.35,5675.0,0.73,50000.0,11.35,187,367,367,0,0,5,STP#17#1#0#0#0#,400055,0,0,,6,,1,,400002,,Y,28800.0,326880.0,890178,0,0,1001,3,B,0.0,0.0,0,0,0,0,94101,,,0040A008,1,1
2018-05-04 09:41:02,fund.jy.realdeal,0,20180504,6662655,30287|925090,1,890179,380,600383,1,B881487301,32201,1,,94101,500.0,11.35,5675.0,0.73,50000.0,11.35,187,367,367,0,0,5,STP#17#1#0#0#0#,400055,0,0,,6,,1,,400002,,Y,29300.0,332555.0,890178,0,0,1001,3,B,0.0,0.0,0,0,0,0,94101,,,0040A008,1,1
2018-05-04 09:41:02,fund.jy.realdeal,0,20180504,6662656,30287|925091,1,890179,380,600383,1,B881487301,32201,1,,94101,1300.0,11.35,14755.0,1.92,50000.0,11.35,187,367,367,0,0,5,STP#17#1#0#0#0#,400055,0,0,,6,,1,,400002,,Y,30600.0,347310.0,890178,0,0,1001,3,B,0.0,0.0,0,0,0,0,94101,,,0040A008,1,1
2018-05-04 09:41:02,fund.jy.realdeal,0,20180504,6662657,30287|925092,1,890179,380,600383,1,B881487301,32201,1,,94101,2000.0,11.35,22700.0,2.95,50000.0,11.35,187,367,367,0,0,5,STP#17#1#0#0#0#,400055,0,0,,6,,1,,400002,,Y,32600.0,370010.0,890178,0,0,1001,3,B,0.0,0.0,0,0,0,0,94101,,,0040A008,1,1
2018-05-04 09:41:02,fund.jy.realdeal,0,20180504,6662658,30287|925093,1,890179,380,600383,1,B881487301,32201,1,,94101,1000.0,11.35,11350.0,1.48,50000.0,11.35,187,367,367,0,0,5,STP#17#1#0#0#0#,400055,0,0,,6,,1,,400002,,Y,33600.0,381360.0,890178,0,0,1001,3,B,0.0,0.0,0,0,0,0,94101,,,0040A008,1,1
2018-05-04 09:41:02,fund.jy.realdeal,0,20180504,6662659,30287|925094,1,890179,380,600383,1,B881487301,32201,1,,94101,1000.0,11.35,11350.0,1.48,50000.0,11.35,187,367,367,0,0,5,STP#17#1#0#0#0#,400055,0,0,,6,,1,,400002,,Y,34600.0,392710.0,890178,0,0,1001,3,B,0.0,0.0,0,0,0,0,94101,,,0040A008,1,1
2018-05-04 09:41:02,fund.jy.realdeal,0,20180504,6662660,30287|925095,1,890179,380,600383,1,B881487301,32201,1,,94101,200.0,11.35,2270.0,0.3,50000.0,11.35,187,367,367,0,0,5,STP#17#1#0#0#0#,400055,0,0,,6,,1,,400002,,Y,34800.0,394980.0,890178,0,0,1001,3,B,0.0,0.0,0,0,0,0,94101,,,0040A008,1,1
2018-05-04 09:41:02,fund.jy.realdeal,0,20180504,6662661,30287|925096,1,890179,380,600383,1,B881487301,32201,1,,94101,1000.0,11.35,11350.0,1.48,50000.0,11.35,187,367,367,0,0,5,STP#17#1#0#0#0#,400055,0,0,,6,,1,,400002,,Y,35800.0,406330.0,890178,0,0,1001,3,B,0.0,0.0,0,0,0,0,94101,,,0040A008,1,1
2018-05-04 09:41:02,fund.jy.realdeal,0,20180504,6662662,30287|925097,1,890179,380,600383,1,B881487301,32201,1,,94101,3000.0,11.35,34050.0,4.43,50000.0,11.35,187,367,367,0,0,5,STP#17#1#0#0#0#,400055,0,0,,6,,1,,400002,,Y,38800.0,440380.0,890178,0,0,1001,3,B,0.0,0.0,0,0,0,0,94101,,,0040A008,1,1
2018-05-04 09:41:02,fund.jy.realdeal,0,20180504,6662663,30287|925098,1,890179,380,600383,1,B881487301,32201,1,,94101,300.0,11.35,3405.0,0.44,50000.0,11.35,187,367,367,0,0,5,STP#17#1#0#0#0#,400055,0,0,,6,,1,,400002,,Y,39100.0,443785.0,890178,0,0,1001,3,B,0.0,0.0,0,0,0,0,94101,,,0040A008,1,1
2018-05-04 09:41:02,fund.jy.realdeal,0,20180504,6662664,30287|925099,1,890179,380,600383,1,B881487301,32201,1,,94101,500.0,11.35,5675.0,0.73,50000.0,11.35,187,367,367,0,0,5,STP#17#1#0#0#0#,400055,0,0,,6,,1,,400002,,Y,39600.0,449460.0,890178,0,0,1001,3,B,0.0,0.0,0,0,0,0,94101,,,0040A008,1,1
2018-05-04 09:41:02,fund.jy.realdeal,0,20180504,6662665,30287|925100,1,890179,380,600383,1,B881487301,32201,1,,94101,400.0,11.35,4540.0,0.59,50000.0,11.35,187,367,367,0,0,5,STP#17#1#0#0#0#,400055,0,0,,6,,1,,400002,,Y,40000.0,454000.0,890178,0,0,1001,3,B,0.0,0.0,0,0,0,0,94101,,,0040A008,1,1
2018-05-04 09:41:02,fund.jy.realdeal,0,20180504,6662666,30287|925101,1,890179,380,600383,1,B881487301,32201,1,,94101,700.0,11.35,7945.0,1.03,50000.0,11.35,187,367,367,0,0,5,STP#17#1#0#0#0#,400055,0,0,,6,,1,,400002,,Y,40700.0,461945.0,890178,0,0,1001,3,B,0.0,0.0,0,0,0,0,94101,,,0040A008,1,1
2018-05-04 09:41:02,fund.jy.realdeal,0,20180504,6662667,30287|925102,1,890179,380,600383,1,B881487301,32201,1,,94101,500.0,11.35,5675.0,0.73,50000.0,11.35,187,367,367,0,0,5,STP#17#1#0#0#0#,400055,0,0,,6,,1,,400002,,Y,41200.0,467620.0,890178,0,0,1001,3,B,0.0,0.0,0,0,0,0,94101,,,0040A008,1,1
2018-05-04 09:41:02,fund.jy.realdeal,0,20180504,6662668,30287|925103,1,890179,380,600383,1,B881487301,32201,1,,94101,200.0,11.35,2270.0,0.3,50000.0,11.35,187,367,367,0,0,5,STP#17#1#0#0#0#,400055,0,0,,6,,1,,400002,,Y,41400.0,469890.0,890178,0,0,1001,3,B,0.0,0.0,0,0,0,0,94101,,,0040A008,1,1
2018-05-04 09:41:02,fund.jy.realdeal,0,20180504,6662669,30287|925104,1,890179,380,600383,1,B881487301,32201,1,,94101,500.0,11.35,5675.0,0.73,50000.0,11.35,187,367,367,0,0,5,STP#17#1#0#0#0#,400055,0,0,,6,,1,,400002,,Y,41900.0,475565.0,890178,0,0,1001,3,B,0.0,0.0,0,0,0,0,94101,,,0040A008,1,1
2018-05-04 09:41:02,fund.jy.realdeal,0,20180504,6662670,30287|925920,1,890179,380,600383,1,B881487301,32201,1,,94101,500.0,11.35,5675.0,0.73,50000.0,11.35,187,367,367,0,0,5,STP#17#1#0#0#0#,400055,0,0,,6,,1,,400002,,Y,42400.0,481240.0,890178,0,0,1001,3,B,0.0,0.0,0,0,0,0,94101,,,0040A008,1,1
2018-05-04 09:41:02,fund.jy.realdeal,0,20180504,6662671,30287|926485,1,890179,380,600383,1,B881487301,32201,1,,94102,600.0,11.35,6810.0,0.89,50000.0,11.35,187,367,367,0,0,5,STP#17#1#0#0#0#,400055,0,0,,6,,1,,400002,,Y,43000.0,488050.0,890178,0,0,1001,3,B,0.0,0.0,0,0,0,0,94101,,,0040A008,1,1
2018-05-04 09:41:02,fund.jy.realdeal,0,20180504,6662672,30287|926678,1,890179,380,600383,1,B881487301,32201,1,,94102,100.0,11.35,1135.0,0.14,50000.0,11.35,187,367,367,0,0,5,STP#17#1#0#0#0#,400055,0,0,,6,,1,,400002,,Y,43100.0,489185.0,890178,0,0,1001,3,B,0.0,0.0,0,0,0,0,94101,,,0040A008,1,1
2018-05-04 09:41:04,fund.jy.realdeal,0,20180504,6662673,30287|928253,1,890179,380,600383,1,B881487301,32201,1,,94104,100.0,11.35,1135.0,0.14,50000.0,11.35,187,367,367,0,0,5,STP#17#1#0#0#0#,400055,0,0,,a,,1,,400002,,Y,43200.0,490320.0,890178,0,0,1001,3,B,0.0,0.0,0,0,0,0,94101,,,0040A008,1,1
2018-05-04 09:41:05,fund.jy.realdeal,0,20180504,6662674,30287|928744,1,890179,380,600383,1,B881487301,32201,1,,94104,500.0,11.35,5675.0,0.73,50000.0,11.35,187,367,367,0,0,5,STP#17#1#0#0#0#,400055,0,0,,a,,1,,400002,,Y,43700.0,495995.0,890178,0,0,1001,3,B,0.0,0.0,0,0,0,0,94101,,,0040A008,1,1
2018-05-04 09:41:42,fund.jy.realdeal,0,20180504,6662717,30328|968670,1,890276,431,600383,1,B881487301,32201,2,,94142,2300.0,11.35,26105.0,3.39,43700.0,11.35,187,367,367,0,0,5,STP#17#1#0#0#0#,400055,0,0,,6,,1,,400002,,Y,2300.0,26105.0,890275,0,0,1001,3,S,0.0,0.0,0,0,0,0,94142,,,0040A008,1,1
2018-05-04 09:41:42,fund.jy.realdeal,0,20180504,6662718,30328|968671,1,890276,431,600383,1,B881487301,32201,2,,94142,1000.0,11.35,11350.0,1.48,43700.0,11.35,187,367,367,0,0,5,STP#17#1#0#0#0#,400055,0,0,,6,,1,,400002,,Y,3300.0,37455.0,890275,0,0,1001,3,S,0.0,0.0,0,0,0,0,94142,,,0040A008,1,1
2018-05-04 09:41:42,fund.jy.realdeal,0,20180504,6662719,30328|968672,1,890276,431,600383,1,B881487301,32201,2,,94142,13500.0,11.35,153225.0,19.91,43700.0,11.35,187,367,367,0,0,5,STP#17#1#0#0#0#,400055,0,0,,6,,1,,400002,,Y,16800.0,190680.0,890275,0,0,1001,3,S,0.0,0.0,0,0,0,0,94142,,,0040A008,1,1
2018-05-04 09:41:43,fund.jy.realdeal,0,20180504,6662721,30328|969759,1,890276,431,600383,1,B881487301,32201,2,,94143,500.0,11.35,5675.0,0.73,43700.0,11.35,187,367,367,0,0,5,STP#17#1#0#0#0#,400055,0,0,,6,,1,,400002,,Y,17300.0,196355.0,890275,0,0,1001,3,S,0.0,0.0,0,0,0,0,94142,,,0040A008,1,1
2018-05-04 09:41:45,fund.jy.realdeal,0,20180504,6662727,30328|971016,1,890276,431,600383,1,B881487301,32201,2,,94144,100.0,11.35,1135.0,0.14,43700.0,11.35,187,367,367,0,0,5,STP#17#1#0#0#0#,400055,0,0,,6,,1,,400002,,Y,17400.0,197490.0,890275,0,0,1001,3,S,0.0,0.0,0,0,0,0,94142,,,0040A008,1,1
2018-05-04 09:41:51,fund.jy.realdeal,0,20180504,6662744,30328|977981,1,890276,431,600383,1,B881487301,32201,2,,94151,400.0,11.35,4540.0,0.59,43700.0,11.35,187,367,367,0,0,5,STP#17#1#0#0#0#,400055,0,0,,6,,1,,400002,,Y,17800.0,202030.0,890275,0,0,1001,3,S,0.0,0.0,0,0,0,0,94142,,,0040A008,1,1
2018-05-04 09:41:51,fund.jy.realdeal,0,20180504,6662745,30328|978721,1,890276,431,600383,1,B881487301,32201,2,,94152,300.0,11.35,3405.0,0.44,43700.0,11.35,187,367,367,0,0,5,STP#17#1#0#0#0#,400055,0,0,,6,,1,,400002,,Y,18100.0,205435.0,890275,0,0,1001,3,S,0.0,0.0,0,0,0,0,94142,,,0040A008,1,1
2018-05-04 09:41:54,fund.jy.realdeal,0,20180504,6662748,30328|980541,1,890276,431,600383,1,B881487301,32201,2,,94153,900.0,11.35,10215.0,1.32,43700.0,11.35,187,367,367,0,0,5,STP#17#1#0#0#0#,400055,0,0,,6,,1,,400002,,Y,19000.0,215650.0,890275,0,0,1001,3,S,0.0,0.0,0,0,0,0,94142,,,0040A008,1,1
